name ,cohort,all gdc,
IGLL5,11 / 24 (45.83%),"284 / 13,035",lymph nodes
IGHM,9 / 24 (37.50%),"506 / 13,035",lymph nodes
KMT2D,9 / 24 (37.50%),"1,313 / 13,035",lymph nodes
IGLC2,8 / 24 (33.33%),"101 / 13,035",lymph nodes
IGLV3-1,8 / 24 (33.33%),"474 / 13,035",lymph nodes
IGHV2-70,8 / 24 (33.33%),"638 / 13,035",lymph nodes
LRP1B,7 / 24 (29.17%),"1,789 / 13,035",lymph nodes
FLG,6 / 24 (25.00%),"1,635 / 13,035",lymph nodes
ZFHX4,6 / 24 (25.00%),"1,564 / 13,035",lymph nodes
FAT4,6 / 24 (25.00%),"1,426 / 13,035",lymph nodes
IGLC3,6 / 24 (25.00%),"58 / 13,035",lymph nodes
BTG2,6 / 24 (25.00%),"108 / 13,035",lymph nodes
HIST2H2BE,6 / 24 (25.00%),"150 / 13,035",lymph nodes
UACA,6 / 24 (25.00%),"293 / 13,035",lymph nodes
TTN,6 / 24 (25.00%),"4,623 / 13,035",lymph nodes
TMSB4X,6 / 24 (25.00%),"216 / 13,035",lymph nodes
HIST1H1E,5 / 24 (20.83%),"172 / 13,035",lymph nodes
MUC4,5 / 24 (20.83%),"1,451 / 13,035",lymph nodes
KLHL6,5 / 24 (20.83%),"314 / 13,035",lymph nodes
DNAH9,5 / 24 (20.83%),"1,146 / 13,035",lymph nodes
CIITA,5 / 24 (20.83%),"328 / 13,035",lymph nodes
HIST1H2AC,5 / 24 (20.83%),"113 / 13,035",lymph nodes
SPTBN4,5 / 24 (20.83%),"555 / 13,035",lymph nodes
SOCS1,5 / 24 (20.83%),"56 / 13,035",lymph nodes
CARD11,5 / 24 (20.83%),"509 / 13,035",lymph nodes
BZRAP1,5 / 24 (20.83%),"443 / 13,035",lymph nodes
IGKV4-1,4 / 24 (16.67%),"181 / 13,035",lymph nodes
CREBBP,4 / 24 (16.67%),"681 / 13,035",lymph nodes
CHD5,4 / 24 (16.67%),"574 / 13,035",lymph nodes
NFKBIE,4 / 24 (16.67%),"87 / 13,035",lymph nodes
MPEG1,4 / 24 (16.67%),"240 / 13,035",lymph nodes
MAST4,4 / 24 (16.67%),"506 / 13,035",lymph nodes
DST,4 / 24 (16.67%),"1,395 / 13,035",lymph nodes
FLNC,4 / 24 (16.67%),"774 / 13,035",lymph nodes
CSMD3,4 / 24 (16.67%),"1,963 / 13,035",lymph nodes
PCDH15,4 / 24 (16.67%),"1,224 / 13,035",lymph nodes
NEB,4 / 24 (16.67%),"1,217 / 13,035",lymph nodes
SOX11,4 / 24 (16.67%),"533 / 13,035",lymph nodes
IRF4,4 / 24 (16.67%),"238 / 13,035",lymph nodes
UBR4,4 / 24 (16.67%),"820 / 13,035",lymph nodes
HMCN1,4 / 24 (16.67%),"1,370 / 13,035",lymph nodes
CHRM3,4 / 24 (16.67%),"364 / 13,035",lymph nodes
IGHG1,4 / 24 (16.67%),"925 / 13,035",lymph nodes
IGHV4-34,4 / 24 (16.67%),"101 / 13,035",lymph nodes
IGKC,4 / 24 (16.67%),"394 / 13,035",lymph nodes
OPRM1,4 / 24 (16.67%),"344 / 13,035",lymph nodes
IGHG3,4 / 24 (16.67%),"323 / 13,035",lymph nodes
ATP10B,4 / 24 (16.67%),"506 / 13,035",lymph nodes
LRRN3,4 / 24 (16.67%),"322 / 13,035",lymph nodes
SYNE1,4 / 24 (16.67%),"1,861 / 13,035",lymph nodes
ASXL3,4 / 24 (16.67%),"729 / 13,035",lymph nodes
SETD1B,4 / 24 (16.67%),"289 / 13,035",lymph nodes
IGHG2,4 / 24 (16.67%),"182 / 13,035",lymph nodes
LRP2,3 / 24 (12.50%),"1,171 / 13,035",lymph nodes
POU2F2,3 / 24 (12.50%),"222 / 13,035",lymph nodes
RGS6,3 / 24 (12.50%),"273 / 13,035",lymph nodes
RPL10A,3 / 24 (12.50%),"91 / 13,035",lymph nodes
MIR5195,3 / 24 (12.50%),"170 / 13,035",lymph nodes
IGHV1-69,3 / 24 (12.50%),"94 / 13,035",lymph nodes
ZBTB20,3 / 24 (12.50%),"396 / 13,035",lymph nodes
GRIN2A,3 / 24 (12.50%),"805 / 13,035",lymph nodes
PIM1,3 / 24 (12.50%),"149 / 13,035",lymph nodes
MYC,3 / 24 (12.50%),"174 / 13,035",lymph nodes
PARD3B,3 / 24 (12.50%),"379 / 13,035",lymph nodes
RIMS2,3 / 24 (12.50%),"887 / 13,035",lymph nodes
FLRT2,3 / 24 (12.50%),"604 / 13,035",lymph nodes
HIST1H2BC,3 / 24 (12.50%),"113 / 13,035",lymph nodes
ANKRD11,3 / 24 (12.50%),"595 / 13,035",lymph nodes
EPHA3,3 / 24 (12.50%),"591 / 13,035",lymph nodes
CPS1,3 / 24 (12.50%),"546 / 13,035",lymph nodes
ZNF208,3 / 24 (12.50%),"610 / 13,035",lymph nodes
NFKBIA,3 / 24 (12.50%),"136 / 13,035",lymph nodes
ADGRB3,3 / 24 (12.50%),"743 / 13,035",lymph nodes
ATP13A5,3 / 24 (12.50%),"382 / 13,035",lymph nodes
MPDZ,3 / 24 (12.50%),"447 / 13,035",lymph nodes
SSPO,3 / 24 (12.50%),"950 / 13,035",lymph nodes
CXCR4,3 / 24 (12.50%),"165 / 13,035",lymph nodes
FAT1,3 / 24 (12.50%),"1,068 / 13,035",lymph nodes
DTX1,3 / 24 (12.50%),"234 / 13,035",lymph nodes
ZDHHC17,3 / 24 (12.50%),"171 / 13,035",lymph nodes
TRPM6,3 / 24 (12.50%),"553 / 13,035",lymph nodes
KALRN,3 / 24 (12.50%),"755 / 13,035",lymph nodes
NRXN1,3 / 24 (12.50%),"950 / 13,035",lymph nodes
GABRG3,3 / 24 (12.50%),"271 / 13,035",lymph nodes
CD79B,3 / 24 (12.50%),"82 / 13,035",lymph nodes
SPRY3,3 / 24 (12.50%),"328 / 13,035",lymph nodes
SACS,3 / 24 (12.50%),"882 / 13,035",lymph nodes
NRK,3 / 24 (12.50%),"593 / 13,035",lymph nodes
PCDHA2,3 / 24 (12.50%),"520 / 13,035",lymph nodes
POU3F2,3 / 24 (12.50%),"255 / 13,035",lymph nodes
P2RY8,3 / 24 (12.50%),"230 / 13,035",lymph nodes
PCNXL3,3 / 24 (12.50%),"332 / 13,035",lymph nodes
NLRP9,3 / 24 (12.50%),"389 / 13,035",lymph nodes
OSBPL10,3 / 24 (12.50%),"218 / 13,035",lymph nodes
KLHL14,3 / 24 (12.50%),"243 / 13,035",lymph nodes
PRRC2A,3 / 24 (12.50%),"421 / 13,035",lymph nodes
ZNF425,3 / 24 (12.50%),"252 / 13,035",lymph nodes
PAPPA,3 / 24 (12.50%),"580 / 13,035",lymph nodes
TNFRSF14,3 / 24 (12.50%),"137 / 13,035",lymph nodes
MUC16,3 / 24 (12.50%),"2,889 / 13,035",lymph nodes
ADCY2,3 / 24 (12.50%),"541 / 13,035",lymph nodes
PCDH11X,3 / 24 (12.50%),"841 / 13,035",lymph nodes
PCLO,3 / 24 (12.50%),"1,615 / 13,035",lymph nodes
MYH14,3 / 24 (12.50%),"442 / 13,035",lymph nodes
SAMD9L,3 / 24 (12.50%),"514 / 13,035",lymph nodes
PLCE1,3 / 24 (12.50%),"566 / 13,035",lymph nodes
INTS3,3 / 24 (12.50%),"326 / 13,035",lymph nodes
MUC5B,3 / 24 (12.50%),"1,191 / 13,035",lymph nodes
NFKBIZ,3 / 24 (12.50%),"187 / 13,035",lymph nodes
CSK,3 / 24 (12.50%),"147 / 13,035",lymph nodes
CCDC88B,3 / 24 (12.50%),"277 / 13,035",lymph nodes
PAX5,3 / 24 (12.50%),"203 / 13,035",lymph nodes
CSNK2A1,3 / 24 (12.50%),"152 / 13,035",lymph nodes
MPP7,3 / 24 (12.50%),"236 / 13,035",lymph nodes
DSEL,3 / 24 (12.50%),"434 / 13,035",lymph nodes
KIF13A,3 / 24 (12.50%),"389 / 13,035",lymph nodes
CCDC185,3 / 24 (12.50%),"194 / 13,035",lymph nodes
HYDIN,3 / 24 (12.50%),"1,005 / 13,035",lymph nodes
LIMD2,3 / 24 (12.50%),"47 / 13,035",lymph nodes
PSEN1,3 / 24 (12.50%),"129 / 13,035",lymph nodes
PCDH17,3 / 24 (12.50%),"715 / 13,035",lymph nodes
CDH26,3 / 24 (12.50%),"320 / 13,035",lymph nodes
HSPG2,3 / 24 (12.50%),"723 / 13,035",lymph nodes
HLA-A,3 / 24 (12.50%),"199 / 13,035",lymph nodes
ROBO1,3 / 24 (12.50%),"593 / 13,035",lymph nodes
HIST1H4J,3 / 24 (12.50%),"68 / 13,035",lymph nodes
PCDHA4,3 / 24 (12.50%),"471 / 13,035",lymph nodes
IGHE,3 / 24 (12.50%),"144 / 13,035",lymph nodes
MUC6,3 / 24 (12.50%),"495 / 13,035",lymph nodes
ARHGEF5,3 / 24 (12.50%),"277 / 13,035",lymph nodes
TLN2,3 / 24 (12.50%),"606 / 13,035",lymph nodes
TRPM3,3 / 24 (12.50%),"581 / 13,035",lymph nodes
B2M,3 / 24 (12.50%),"198 / 13,035",lymph nodes
ACTG1,3 / 24 (12.50%),"201 / 13,035",lymph nodes
IGHG4,3 / 24 (12.50%),"176 / 13,035",lymph nodes
BTG1,3 / 24 (12.50%),"104 / 13,035",lymph nodes
ARID1A,3 / 24 (12.50%),"1,089 / 13,035",lymph nodes
IRF2BP2,3 / 24 (12.50%),"118 / 13,035",lymph nodes
DUSP2,3 / 24 (12.50%),"134 / 13,035",lymph nodes
SHANK2,3 / 24 (12.50%),"619 / 13,035",lymph nodes
ARHGEF2,3 / 24 (12.50%),"249 / 13,035",lymph nodes
MTMR1,3 / 24 (12.50%),"213 / 13,035",lymph nodes
TENM4,3 / 24 (12.50%),"709 / 13,035",lymph nodes
SORCS3,3 / 24 (12.50%),"608 / 13,035",lymph nodes
S1PR2,2 / 24 (8.33%),"115 / 13,035",lymph nodes
LAMA1,2 / 24 (8.33%),"905 / 13,035",lymph nodes
ROBO3,2 / 24 (8.33%),"383 / 13,035",lymph nodes
NBAS,2 / 24 (8.33%),"504 / 13,035",lymph nodes
PPM1B,2 / 24 (8.33%),"221 / 13,035",lymph nodes
CTSH,2 / 24 (8.33%),"106 / 13,035",lymph nodes
ZNF521,2 / 24 (8.33%),"565 / 13,035",lymph nodes
PLEKHH2,2 / 24 (8.33%),"396 / 13,035",lymph nodes
CCSER1,2 / 24 (8.33%),"343 / 13,035",lymph nodes
MSLN,2 / 24 (8.33%),"158 / 13,035",lymph nodes
FUT4,2 / 24 (8.33%),"162 / 13,035",lymph nodes
EXPH5,2 / 24 (8.33%),"436 / 13,035",lymph nodes
FREM2,2 / 24 (8.33%),"760 / 13,035",lymph nodes
TLL2,2 / 24 (8.33%),"332 / 13,035",lymph nodes
DOCK5,2 / 24 (8.33%),"423 / 13,035",lymph nodes
LRRC37A3,2 / 24 (8.33%),"345 / 13,035",lymph nodes
THRA,2 / 24 (8.33%),"162 / 13,035",lymph nodes
LAMA5,2 / 24 (8.33%),"625 / 13,035",lymph nodes
PCDHGA4,2 / 24 (8.33%),"500 / 13,035",lymph nodes
GRIN2B,2 / 24 (8.33%),"667 / 13,035",lymph nodes
SCN9A,2 / 24 (8.33%),"618 / 13,035",lymph nodes
ADARB2,2 / 24 (8.33%),"368 / 13,035",lymph nodes
MED12,2 / 24 (8.33%),"543 / 13,035",lymph nodes
ARL11,2 / 24 (8.33%),"151 / 13,035",lymph nodes
IGLV3-10,2 / 24 (8.33%),"55 / 13,035",lymph nodes
SPATA31D5P,2 / 24 (8.33%),"398 / 13,035",lymph nodes
TPO,2 / 24 (8.33%),"550 / 13,035",lymph nodes
AKAP8L,2 / 24 (8.33%),"167 / 13,035",lymph nodes
CCDC81,2 / 24 (8.33%),"182 / 13,035",lymph nodes
SIRT4,2 / 24 (8.33%),"93 / 13,035",lymph nodes
HIST1H2AM,2 / 24 (8.33%),"67 / 13,035",lymph nodes
PIM3,2 / 24 (8.33%),"68 / 13,035",lymph nodes
CACNA1E,2 / 24 (8.33%),"1,000 / 13,035",lymph nodes
HIST4H4,2 / 24 (8.33%),"69 / 13,035",lymph nodes
GP9,2 / 24 (8.33%),"44 / 13,035",lymph nodes
NXF1,2 / 24 (8.33%),"223 / 13,035",lymph nodes
CCND3,2 / 24 (8.33%),"109 / 13,035",lymph nodes
SPAG5,2 / 24 (8.33%),"211 / 13,035",lymph nodes
NETO1,2 / 24 (8.33%),"406 / 13,035",lymph nodes
ZNF286A,2 / 24 (8.33%),"164 / 13,035",lymph nodes
TRANK1,2 / 24 (8.33%),"549 / 13,035",lymph nodes
CELSR3,2 / 24 (8.33%),"550 / 13,035",lymph nodes
MYH7B,2 / 24 (8.33%),"417 / 13,035",lymph nodes
GULP1,2 / 24 (8.33%),"189 / 13,035",lymph nodes
PCDHA12,2 / 24 (8.33%),"520 / 13,035",lymph nodes
AKAP17A,2 / 24 (8.33%),"201 / 13,035",lymph nodes
SEMA6D,2 / 24 (8.33%),"426 / 13,035",lymph nodes
ABCF1,2 / 24 (8.33%),"188 / 13,035",lymph nodes
ANO5,2 / 24 (8.33%),"388 / 13,035",lymph nodes
ITPKB,2 / 24 (8.33%),"272 / 13,035",lymph nodes
ZC3H7A,2 / 24 (8.33%),"204 / 13,035",lymph nodes
IRF8,2 / 24 (8.33%),"189 / 13,035",lymph nodes
CDAN1,2 / 24 (8.33%),"202 / 13,035",lymph nodes
DACH2,2 / 24 (8.33%),"340 / 13,035",lymph nodes
ADGB,2 / 24 (8.33%),"359 / 13,035",lymph nodes
TMEM47,2 / 24 (8.33%),"130 / 13,035",lymph nodes
TMEM135,2 / 24 (8.33%),"156 / 13,035",lymph nodes
KCNK3,2 / 24 (8.33%),"136 / 13,035",lymph nodes
PTGFRN,2 / 24 (8.33%),"243 / 13,035",lymph nodes
FMNL2,2 / 24 (8.33%),"226 / 13,035",lymph nodes
AKAP11,2 / 24 (8.33%),"333 / 13,035",lymph nodes
RC3H1,2 / 24 (8.33%),"317 / 13,035",lymph nodes
MAGEB6,2 / 24 (8.33%),"347 / 13,035",lymph nodes
C1QTNF2,2 / 24 (8.33%),"151 / 13,035",lymph nodes
CWC25,2 / 24 (8.33%),"110 / 13,035",lymph nodes
LIMD1,2 / 24 (8.33%),"150 / 13,035",lymph nodes
EXOC7,2 / 24 (8.33%),"233 / 13,035",lymph nodes
MYO9B,2 / 24 (8.33%),"387 / 13,035",lymph nodes
FRAS1,2 / 24 (8.33%),"816 / 13,035",lymph nodes
ABCB5,2 / 24 (8.33%),"539 / 13,035",lymph nodes
IGLV4-3,2 / 24 (8.33%),"92 / 13,035",lymph nodes
TMEM201,2 / 24 (8.33%),"119 / 13,035",lymph nodes
PHOX2B,2 / 24 (8.33%),"187 / 13,035",lymph nodes
IGLV3-25,2 / 24 (8.33%),"107 / 13,035",lymph nodes
SHANK1,2 / 24 (8.33%),"555 / 13,035",lymph nodes
NCKAP1,2 / 24 (8.33%),"250 / 13,035",lymph nodes
ZNF436,2 / 24 (8.33%),"221 / 13,035",lymph nodes
MYT1L,2 / 24 (8.33%),"617 / 13,035",lymph nodes
HOOK1,2 / 24 (8.33%),"195 / 13,035",lymph nodes
VWDE,2 / 24 (8.33%),"218 / 13,035",lymph nodes
EPHB1,2 / 24 (8.33%),"522 / 13,035",lymph nodes
ALDH5A1,2 / 24 (8.33%),"149 / 13,035",lymph nodes
CDK13,2 / 24 (8.33%),"306 / 13,035",lymph nodes
VIPR2,2 / 24 (8.33%),"150 / 13,035",lymph nodes
TMEM52,2 / 24 (8.33%),"68 / 13,035",lymph nodes
PARD3,2 / 24 (8.33%),"373 / 13,035",lymph nodes
CPAMD8,2 / 24 (8.33%),"574 / 13,035",lymph nodes
SDPR,2 / 24 (8.33%),"209 / 13,035",lymph nodes
AFF2,2 / 24 (8.33%),"640 / 13,035",lymph nodes
CCDC170,2 / 24 (8.33%),"259 / 13,035",lymph nodes
COL3A1,2 / 24 (8.33%),"578 / 13,035",lymph nodes
KLHL1,2 / 24 (8.33%),"469 / 13,035",lymph nodes
ZNF578,2 / 24 (8.33%),"346 / 13,035",lymph nodes
MIR600,2 / 24 (8.33%),"87 / 13,035",lymph nodes
SRGAP1,2 / 24 (8.33%),"329 / 13,035",lymph nodes
PRAMEF20,2 / 24 (8.33%),"251 / 13,035",lymph nodes
OR2M2,2 / 24 (8.33%),"280 / 13,035",lymph nodes
RBMXL3,2 / 24 (8.33%),"271 / 13,035",lymph nodes
C11orf87,2 / 24 (8.33%),"183 / 13,035",lymph nodes
GNA13,2 / 24 (8.33%),"119 / 13,035",lymph nodes
TTC6,2 / 24 (8.33%),"242 / 13,035",lymph nodes
CD79A,2 / 24 (8.33%),"87 / 13,035",lymph nodes
ERBB4,2 / 24 (8.33%),"712 / 13,035",lymph nodes
HIST1H2AK,2 / 24 (8.33%),"63 / 13,035",lymph nodes
CUBN,2 / 24 (8.33%),"989 / 13,035",lymph nodes
MAZ,2 / 24 (8.33%),"139 / 13,035",lymph nodes
BCL11B,2 / 24 (8.33%),"420 / 13,035",lymph nodes
CTNND2,2 / 24 (8.33%),"699 / 13,035",lymph nodes
RELB,2 / 24 (8.33%),"159 / 13,035",lymph nodes
RAB3GAP2,2 / 24 (8.33%),"421 / 13,035",lymph nodes
PGAP1,2 / 24 (8.33%),"276 / 13,035",lymph nodes
HCFC1,2 / 24 (8.33%),"417 / 13,035",lymph nodes
CDH20,2 / 24 (8.33%),"344 / 13,035",lymph nodes
MYO9A,2 / 24 (8.33%),"492 / 13,035",lymph nodes
NLRC3,2 / 24 (8.33%),"282 / 13,035",lymph nodes
DCAF8,2 / 24 (8.33%),"165 / 13,035",lymph nodes
TRDN,2 / 24 (8.33%),"275 / 13,035",lymph nodes
DCAF12L1,2 / 24 (8.33%),"401 / 13,035",lymph nodes
TRIO,2 / 24 (8.33%),"653 / 13,035",lymph nodes
BCL10,2 / 24 (8.33%),"74 / 13,035",lymph nodes
USH2A,2 / 24 (8.33%),"1,681 / 13,035",lymph nodes
HCN1,2 / 24 (8.33%),"747 / 13,035",lymph nodes
ENOX1,2 / 24 (8.33%),"221 / 13,035",lymph nodes
CBWD3,2 / 24 (8.33%),"60 / 13,035",lymph nodes
CCND2,2 / 24 (8.33%),"220 / 13,035",lymph nodes
ADGRL2,2 / 24 (8.33%),"523 / 13,035",lymph nodes
FKBP9,2 / 24 (8.33%),"175 / 13,035",lymph nodes
PRMT9,2 / 24 (8.33%),"158 / 13,035",lymph nodes
TRAM1L1,2 / 24 (8.33%),"237 / 13,035",lymph nodes
CASC1,2 / 24 (8.33%),"169 / 13,035",lymph nodes
HMHA1,2 / 24 (8.33%),"246 / 13,035",lymph nodes
UGT2B7,2 / 24 (8.33%),"220 / 13,035",lymph nodes
NEBL,2 / 24 (8.33%),"418 / 13,035",lymph nodes
AMOT,2 / 24 (8.33%),"328 / 13,035",lymph nodes
KCTD3,2 / 24 (8.33%),"232 / 13,035",lymph nodes
ESPL1,2 / 24 (8.33%),"394 / 13,035",lymph nodes
DSCAM,2 / 24 (8.33%),"885 / 13,035",lymph nodes
FBLN1,2 / 24 (8.33%),"265 / 13,035",lymph nodes
FAM217B,2 / 24 (8.33%),"213 / 13,035",lymph nodes
EFHC1,2 / 24 (8.33%),"220 / 13,035",lymph nodes
SMC2,2 / 24 (8.33%),"266 / 13,035",lymph nodes
RP1,2 / 24 (8.33%),"863 / 13,035",lymph nodes
IFT80,2 / 24 (8.33%),"241 / 13,035",lymph nodes
MAGEA6,2 / 24 (8.33%),"196 / 13,035",lymph nodes
HIST1H1D,2 / 24 (8.33%),"127 / 13,035",lymph nodes
ERN1,2 / 24 (8.33%),"215 / 13,035",lymph nodes
ARHGAP28,2 / 24 (8.33%),"270 / 13,035",lymph nodes
LRRN1,2 / 24 (8.33%),"272 / 13,035",lymph nodes
CD70,2 / 24 (8.33%),"83 / 13,035",lymph nodes
TGFBR3,2 / 24 (8.33%),"264 / 13,035",lymph nodes
PLXNB2,2 / 24 (8.33%),"501 / 13,035",lymph nodes
HIST1H2BJ,2 / 24 (8.33%),"59 / 13,035",lymph nodes
EPHA7,2 / 24 (8.33%),"502 / 13,035",lymph nodes
MROH2B,2 / 24 (8.33%),"730 / 13,035",lymph nodes
PTPRF,2 / 24 (8.33%),"472 / 13,035",lymph nodes
NHSL1,2 / 24 (8.33%),"174 / 13,035",lymph nodes
UNC13C,2 / 24 (8.33%),"826 / 13,035",lymph nodes
LY9,2 / 24 (8.33%),"291 / 13,035",lymph nodes
B3GALT1,2 / 24 (8.33%),"196 / 13,035",lymph nodes
DCC,2 / 24 (8.33%),"789 / 13,035",lymph nodes
HIST1H4F,2 / 24 (8.33%),"57 / 13,035",lymph nodes
RGL3,2 / 24 (8.33%),"193 / 13,035",lymph nodes
COL21A1,2 / 24 (8.33%),"377 / 13,035",lymph nodes
SLC5A10,2 / 24 (8.33%),"176 / 13,035",lymph nodes
CDH5,2 / 24 (8.33%),"246 / 13,035",lymph nodes
DMD,2 / 24 (8.33%),"1,132 / 13,035",lymph nodes
DTX3L,2 / 24 (8.33%),"160 / 13,035",lymph nodes
EBNA1BP2,2 / 24 (8.33%),"97 / 13,035",lymph nodes
EPPK1,2 / 24 (8.33%),"506 / 13,035",lymph nodes
TNRC6C,2 / 24 (8.33%),"313 / 13,035",lymph nodes
SEMA5A,2 / 24 (8.33%),"500 / 13,035",lymph nodes
STAP2,2 / 24 (8.33%),"117 / 13,035",lymph nodes
HERC1,2 / 24 (8.33%),"637 / 13,035",lymph nodes
JMJD1C,2 / 24 (8.33%),"461 / 13,035",lymph nodes
FZD7,2 / 24 (8.33%),"252 / 13,035",lymph nodes
ZNF501,2 / 24 (8.33%),"136 / 13,035",lymph nodes
ZNF708,2 / 24 (8.33%),"157 / 13,035",lymph nodes
PCSK5,2 / 24 (8.33%),"486 / 13,035",lymph nodes
CDH12,2 / 24 (8.33%),"617 / 13,035",lymph nodes
DCHS2,2 / 24 (8.33%),"893 / 13,035",lymph nodes
SIAH2,2 / 24 (8.33%),"120 / 13,035",lymph nodes
SCN3A,2 / 24 (8.33%),"645 / 13,035",lymph nodes
BRAP,2 / 24 (8.33%),"134 / 13,035",lymph nodes
HAUS8,2 / 24 (8.33%),"138 / 13,035",lymph nodes
DENND5B,2 / 24 (8.33%),"293 / 13,035",lymph nodes
SGIP1,2 / 24 (8.33%),"377 / 13,035",lymph nodes
MESDC2,2 / 24 (8.33%),"79 / 13,035",lymph nodes
POGK,2 / 24 (8.33%),"167 / 13,035",lymph nodes
CCNJL,2 / 24 (8.33%),"154 / 13,035",lymph nodes
C3orf35,2 / 24 (8.33%),"70 / 13,035",lymph nodes
NCAM2,2 / 24 (8.33%),"532 / 13,035",lymph nodes
ATL3,2 / 24 (8.33%),"107 / 13,035",lymph nodes
MSL2,2 / 24 (8.33%),"190 / 13,035",lymph nodes
KCNH5,2 / 24 (8.33%),"498 / 13,035",lymph nodes
HTT,2 / 24 (8.33%),"545 / 13,035",lymph nodes
IKZF3,2 / 24 (8.33%),"213 / 13,035",lymph nodes
FAM179B,2 / 24 (8.33%),"373 / 13,035",lymph nodes
MAGI2,2 / 24 (8.33%),"548 / 13,035",lymph nodes
SBNO2,2 / 24 (8.33%),"235 / 13,035",lymph nodes
PLEKHD1,2 / 24 (8.33%),"98 / 13,035",lymph nodes
STAT1,2 / 24 (8.33%),"240 / 13,035",lymph nodes
FOXC1,2 / 24 (8.33%),"196 / 13,035",lymph nodes
CSMD1,2 / 24 (8.33%),"1,425 / 13,035",lymph nodes
SCNN1G,2 / 24 (8.33%),"238 / 13,035",lymph nodes
TRIM4,2 / 24 (8.33%),"116 / 13,035",lymph nodes
PRKACB,2 / 24 (8.33%),"194 / 13,035",lymph nodes
PKHD1L1,2 / 24 (8.33%),"1,081 / 13,035",lymph nodes
ATP5EP2,2 / 24 (8.33%),"69 / 13,035",lymph nodes
KIF4B,2 / 24 (8.33%),"455 / 13,035",lymph nodes
FAS,2 / 24 (8.33%),"132 / 13,035",lymph nodes
TRIM7,2 / 24 (8.33%),"151 / 13,035",lymph nodes
OR14J1,2 / 24 (8.33%),"140 / 13,035",lymph nodes
USP9X,2 / 24 (8.33%),"509 / 13,035",lymph nodes
MCM3AP,2 / 24 (8.33%),"424 / 13,035",lymph nodes
BCL2,2 / 24 (8.33%),"120 / 13,035",lymph nodes
GP1BA,2 / 24 (8.33%),"145 / 13,035",lymph nodes
JUNB,2 / 24 (8.33%),"126 / 13,035",lymph nodes
HIST1H2BG,2 / 24 (8.33%),"109 / 13,035",lymph nodes
VWF,2 / 24 (8.33%),"665 / 13,035",lymph nodes
IBTK,2 / 24 (8.33%),"298 / 13,035",lymph nodes
MAGEL2,2 / 24 (8.33%),"418 / 13,035",lymph nodes
RPS27A,2 / 24 (8.33%),"44 / 13,035",lymph nodes
ADGRG1,2 / 24 (8.33%),"154 / 13,035",lymph nodes
POF1B,2 / 24 (8.33%),"291 / 13,035",lymph nodes
PCDHA10,2 / 24 (8.33%),"585 / 13,035",lymph nodes
PGBD4,2 / 24 (8.33%),"149 / 13,035",lymph nodes
RIMS1,2 / 24 (8.33%),"680 / 13,035",lymph nodes
BANP,2 / 24 (8.33%),"137 / 13,035",lymph nodes
MYO18B,2 / 24 (8.33%),"785 / 13,035",lymph nodes
HPSE2,2 / 24 (8.33%),"238 / 13,035",lymph nodes
NONO,2 / 24 (8.33%),"187 / 13,035",lymph nodes
PIK3C2G,2 / 24 (8.33%),"442 / 13,035",lymph nodes
ACTB,2 / 24 (8.33%),"269 / 13,035",lymph nodes
PRR23A,2 / 24 (8.33%),"159 / 13,035",lymph nodes
KRT79,2 / 24 (8.33%),"180 / 13,035",lymph nodes
IGHA2,2 / 24 (8.33%),"115 / 13,035",lymph nodes
ANKHD1-EIF4EBP3,2 / 24 (8.33%),"440 / 13,035",lymph nodes
MDGA2,2 / 24 (8.33%),"545 / 13,035",lymph nodes
STXBP3,2 / 24 (8.33%),"129 / 13,035",lymph nodes
BRD2,2 / 24 (8.33%),"253 / 13,035",lymph nodes
SLC30A4,2 / 24 (8.33%),"105 / 13,035",lymph nodes
ANKRD30B,2 / 24 (8.33%),"483 / 13,035",lymph nodes
ZAN,2 / 24 (8.33%),"765 / 13,035",lymph nodes
COL14A1,2 / 24 (8.33%),"583 / 13,035",lymph nodes
HNF4G,2 / 24 (8.33%),"238 / 13,035",lymph nodes
INPP4B,2 / 24 (8.33%),"303 / 13,035",lymph nodes
KDM2B,2 / 24 (8.33%),"370 / 13,035",lymph nodes
BRCA1,2 / 24 (8.33%),"395 / 13,035",lymph nodes
KLHL29,2 / 24 (8.33%),"137 / 13,035",lymph nodes
FAM178B,2 / 24 (8.33%),"113 / 13,035",lymph nodes
PNPLA5,2 / 24 (8.33%),"142 / 13,035",lymph nodes
PLXDC2,2 / 24 (8.33%),"275 / 13,035",lymph nodes
SLC37A3,2 / 24 (8.33%),"137 / 13,035",lymph nodes
NAP1L5,2 / 24 (8.33%),"85 / 13,035",lymph nodes
FSIP2,2 / 24 (8.33%),"680 / 13,035",lymph nodes
LDOC1,2 / 24 (8.33%),"123 / 13,035",lymph nodes
HKDC1,2 / 24 (8.33%),"252 / 13,035",lymph nodes
DENND3,2 / 24 (8.33%),"375 / 13,035",lymph nodes
AR,2 / 24 (8.33%),"387 / 13,035",lymph nodes
ITGB4,2 / 24 (8.33%),"423 / 13,035",lymph nodes
SPEN,2 / 24 (8.33%),"690 / 13,035",lymph nodes
ZNF257,2 / 24 (8.33%),"313 / 13,035",lymph nodes
PTPRG,2 / 24 (8.33%),"380 / 13,035",lymph nodes
TLN1,2 / 24 (8.33%),"435 / 13,035",lymph nodes
DSP,2 / 24 (8.33%),"662 / 13,035",lymph nodes
CDH11,2 / 24 (8.33%),"537 / 13,035",lymph nodes
MME,2 / 24 (8.33%),"346 / 13,035",lymph nodes
DGKI,2 / 24 (8.33%),"446 / 13,035",lymph nodes
SPANXN2,2 / 24 (8.33%),"192 / 13,035",lymph nodes
CTRC,2 / 24 (8.33%),"81 / 13,035",lymph nodes
PTPN21,2 / 24 (8.33%),"303 / 13,035",lymph nodes
AVIL,2 / 24 (8.33%),"182 / 13,035",lymph nodes
TET2,2 / 24 (8.33%),"505 / 13,035",lymph nodes
FAT3,2 / 24 (8.33%),"1,411 / 13,035",lymph nodes
CCDC47,2 / 24 (8.33%),"119 / 13,035",lymph nodes
SIGLEC1,2 / 24 (8.33%),"479 / 13,035",lymph nodes
CFAP43,2 / 24 (8.33%),"374 / 13,035",lymph nodes
LRRIQ1,2 / 24 (8.33%),"557 / 13,035",lymph nodes
PLXNB3,2 / 24 (8.33%),"368 / 13,035",lymph nodes
VIT,2 / 24 (8.33%),"277 / 13,035",lymph nodes
UMODL1,2 / 24 (8.33%),"381 / 13,035",lymph nodes
MAST1,2 / 24 (8.33%),"368 / 13,035",lymph nodes
SGK1,2 / 24 (8.33%),"276 / 13,035",lymph nodes
RAF1,2 / 24 (8.33%),"166 / 13,035",lymph nodes
MARK1,2 / 24 (8.33%),"317 / 13,035",lymph nodes
SCN7A,2 / 24 (8.33%),"533 / 13,035",lymph nodes
CELSR1,2 / 24 (8.33%),"624 / 13,035",lymph nodes
BCL9L,2 / 24 (8.33%),"385 / 13,035",lymph nodes
UNC80,2 / 24 (8.33%),"514 / 13,035",lymph nodes
CSNK1G3,2 / 24 (8.33%),"162 / 13,035",lymph nodes
LRFN5,2 / 24 (8.33%),"525 / 13,035",lymph nodes
UBR5,2 / 24 (8.33%),"574 / 13,035",lymph nodes
GRID1,2 / 24 (8.33%),"517 / 13,035",lymph nodes
OR2L2,2 / 24 (8.33%),"242 / 13,035",lymph nodes
HCN4,2 / 24 (8.33%),"336 / 13,035",lymph nodes
CD58,2 / 24 (8.33%),"111 / 13,035",lymph nodes
AGBL1,2 / 24 (8.33%),"427 / 13,035",lymph nodes
PLCB1,2 / 24 (8.33%),"572 / 13,035",lymph nodes
OR5L1,2 / 24 (8.33%),"278 / 13,035",lymph nodes
FAM120A,2 / 24 (8.33%),"287 / 13,035",lymph nodes
RETSAT,2 / 24 (8.33%),"168 / 13,035",lymph nodes
SI,2 / 24 (8.33%),"892 / 13,035",lymph nodes
AASS,2 / 24 (8.33%),"269 / 13,035",lymph nodes
PCDHA5,2 / 24 (8.33%),"440 / 13,035",lymph nodes
COL5A2,2 / 24 (8.33%),"506 / 13,035",lymph nodes
ZNF490,2 / 24 (8.33%),"162 / 13,035",lymph nodes
EP300,2 / 24 (8.33%),"602 / 13,035",lymph nodes
TJP1,2 / 24 (8.33%),"385 / 13,035",lymph nodes
TNFAIP3,2 / 24 (8.33%),"193 / 13,035",lymph nodes
REV3L,2 / 24 (8.33%),"511 / 13,035",lymph nodes
RGPD8,2 / 24 (8.33%),"206 / 13,035",lymph nodes
ABCC10,2 / 24 (8.33%),"337 / 13,035",lymph nodes
IGLV3-9,2 / 24 (8.33%),"44 / 13,035",lymph nodes
AC244205.1,2 / 24 (8.33%),"11 / 13,035",lymph nodes
FZD10,2 / 24 (8.33%),"296 / 13,035",lymph nodes
TMEM30A,2 / 24 (8.33%),"124 / 13,035",lymph nodes
IGKV1D-13,2 / 24 (8.33%),"69 / 13,035",lymph nodes
SLC25A3,2 / 24 (8.33%),"161 / 13,035",lymph nodes
PEX5L,2 / 24 (8.33%),"322 / 13,035",lymph nodes
IGLV4-60,2 / 24 (8.33%),"120 / 13,035",lymph nodes
FBN1,2 / 24 (8.33%),"664 / 13,035",lymph nodes
BHLHB9,2 / 24 (8.33%),"227 / 13,035",lymph nodes
PKD1L1,2 / 24 (8.33%),"667 / 13,035",lymph nodes
BCL7A,2 / 24 (8.33%),"347 / 13,035",lymph nodes
NR2F2,2 / 24 (8.33%),"243 / 13,035",lymph nodes
EGR1,2 / 24 (8.33%),"226 / 13,035",lymph nodes
F8,2 / 24 (8.33%),"605 / 13,035",lymph nodes
LRRTM4,2 / 24 (8.33%),"492 / 13,035",lymph nodes
DUSP13,2 / 24 (8.33%),"161 / 13,035",lymph nodes
RYR2,2 / 24 (8.33%),"1,906 / 13,035",lymph nodes
C5orf24,2 / 24 (8.33%),"181 / 13,035",lymph nodes
MSN,2 / 24 (8.33%),"198 / 13,035",lymph nodes
NOMO2,2 / 24 (8.33%),"124 / 13,035",lymph nodes
IGHV3-30,2 / 24 (8.33%),"105 / 13,035",lymph nodes
MCM7,2 / 24 (8.33%),"235 / 13,035",lymph nodes
TDRD6,2 / 24 (8.33%),"483 / 13,035",lymph nodes
FREM1,2 / 24 (8.33%),"589 / 13,035",lymph nodes
CASR,2 / 24 (8.33%),"457 / 13,035",lymph nodes
ANKRD50,2 / 24 (8.33%),"332 / 13,035",lymph nodes
INTS6,2 / 24 (8.33%),"199 / 13,035",lymph nodes
EPS8L2,2 / 24 (8.33%),"197 / 13,035",lymph nodes
IER2,2 / 24 (8.33%),"85 / 13,035",lymph nodes
UNC5C,2 / 24 (8.33%),"389 / 13,035",lymph nodes
ZNF804B,2 / 24 (8.33%),"630 / 13,035",lymph nodes
ZBTB40,2 / 24 (8.33%),"256 / 13,035",lymph nodes
CNTRL,2 / 24 (8.33%),"373 / 13,035",lymph nodes
PPP3R2,2 / 24 (8.33%),"153 / 13,035",lymph nodes
DOCK6,2 / 24 (8.33%),"372 / 13,035",lymph nodes
PCDH7,2 / 24 (8.33%),"420 / 13,035",lymph nodes
XRCC2,2 / 24 (8.33%),"98 / 13,035",lymph nodes
ADAMTSL2,2 / 24 (8.33%),"270 / 13,035",lymph nodes
SEMA3C,2 / 24 (8.33%),"259 / 13,035",lymph nodes
DOCK9,2 / 24 (8.33%),"403 / 13,035",lymph nodes
ATR,2 / 24 (8.33%),"541 / 13,035",lymph nodes
SLITRK1,2 / 24 (8.33%),"623 / 13,035",lymph nodes
KLF2,2 / 24 (8.33%),"52 / 13,035",lymph nodes
PRSS16,2 / 24 (8.33%),"173 / 13,035",lymph nodes
UCKL1,2 / 24 (8.33%),"158 / 13,035",lymph nodes
MIPEP,2 / 24 (8.33%),"139 / 13,035",lymph nodes
CAMSAP2,2 / 24 (8.33%),"366 / 13,035",lymph nodes
LAMA3,2 / 24 (8.33%),"630 / 13,035",lymph nodes
CHD3,2 / 24 (8.33%),"427 / 13,035",lymph nodes
LRRC7,2 / 24 (8.33%),"798 / 13,035",lymph nodes
CNTNAP4,2 / 24 (8.33%),"583 / 13,035",lymph nodes
HERC2,2 / 24 (8.33%),"933 / 13,035",lymph nodes
SLC2A11,2 / 24 (8.33%),"157 / 13,035",lymph nodes
FANCA,2 / 24 (8.33%),"322 / 13,035",lymph nodes
UNC13B,2 / 24 (8.33%),"343 / 13,035",lymph nodes
CDH7,2 / 24 (8.33%),"481 / 13,035",lymph nodes
ZC3H12A,2 / 24 (8.33%),"180 / 13,035",lymph nodes
HIST1H2BL,2 / 24 (8.33%),"72 / 13,035",lymph nodes
CORO1A,2 / 24 (8.33%),"163 / 13,035",lymph nodes
CNGB1,2 / 24 (8.33%),"346 / 13,035",lymph nodes
XBP1,2 / 24 (8.33%),"135 / 13,035",lymph nodes
DDX3X,2 / 24 (8.33%),"338 / 13,035",lymph nodes
ZC4H2,2 / 24 (8.33%),"196 / 13,035",lymph nodes
STRIP2,2 / 24 (8.33%),"197 / 13,035",lymph nodes
GABRB1,2 / 24 (8.33%),"310 / 13,035",lymph nodes
GOLGA6L6,2 / 24 (8.33%),"274 / 13,035",lymph nodes
ANKRD30A,2 / 24 (8.33%),"697 / 13,035",lymph nodes
SLA,2 / 24 (8.33%),"157 / 13,035",lymph nodes
PRRC2B,2 / 24 (8.33%),"432 / 13,035",lymph nodes
NEK1,2 / 24 (8.33%),"232 / 13,035",lymph nodes
HIST1H1C,2 / 24 (8.33%),"170 / 13,035",lymph nodes
ALX1,2 / 24 (8.33%),"138 / 13,035",lymph nodes
MAP1B,2 / 24 (8.33%),"515 / 13,035",lymph nodes
F12,2 / 24 (8.33%),"132 / 13,035",lymph nodes
WDR6,2 / 24 (8.33%),"247 / 13,035",lymph nodes
NPAP1,2 / 24 (8.33%),"948 / 13,035",lymph nodes
DSG3,2 / 24 (8.33%),"374 / 13,035",lymph nodes
NOX4,2 / 24 (8.33%),"279 / 13,035",lymph nodes
APOB,2 / 24 (8.33%),"1,268 / 13,035",lymph nodes
DGAT2L6,2 / 24 (8.33%),"150 / 13,035",lymph nodes
SORL1,2 / 24 (8.33%),"568 / 13,035",lymph nodes
FBP2,2 / 24 (8.33%),"132 / 13,035",lymph nodes
GGPS1,2 / 24 (8.33%),"139 / 13,035",lymph nodes
NPAT,2 / 24 (8.33%),"297 / 13,035",lymph nodes
PKD1L2,2 / 24 (8.33%),"527 / 13,035",lymph nodes
MICAL3,2 / 24 (8.33%),"448 / 13,035",lymph nodes
ZNF217,2 / 24 (8.33%),"350 / 13,035",lymph nodes
THSD7A,2 / 24 (8.33%),"606 / 13,035",lymph nodes
ARFGEF3,2 / 24 (8.33%),"470 / 13,035",lymph nodes
HIST1H2BN,2 / 24 (8.33%),"112 / 13,035",lymph nodes
ARFGAP1,2 / 24 (8.33%),"152 / 13,035",lymph nodes
IGLV3-19,2 / 24 (8.33%),"58 / 13,035",lymph nodes
DNAH1,2 / 24 (8.33%),"668 / 13,035",lymph nodes
PLXNC1,2 / 24 (8.33%),"345 / 13,035",lymph nodes
KCNC2,2 / 24 (8.33%),"352 / 13,035",lymph nodes
VMP1,2 / 24 (8.33%),"207 / 13,035",lymph nodes
CEP85,2 / 24 (8.33%),"146 / 13,035",lymph nodes
HIST1H4K,2 / 24 (8.33%),"85 / 13,035",lymph nodes
KCNJ8,2 / 24 (8.33%),"198 / 13,035",lymph nodes
SERTM1,2 / 24 (8.33%),"160 / 13,035",lymph nodes
PYY,2 / 24 (8.33%),"47 / 13,035",lymph nodes
ADAMTS9,2 / 24 (8.33%),"489 / 13,035",lymph nodes
FRMPD1,2 / 24 (8.33%),"436 / 13,035",lymph nodes
TNF,2 / 24 (8.33%),"76 / 13,035",lymph nodes
STAT6,2 / 24 (8.33%),"174 / 13,035",lymph nodes
CFAP47,2 / 24 (8.33%),"646 / 13,035",lymph nodes
SRSF5,2 / 24 (8.33%),"144 / 13,035",lymph nodes
TTC21A,2 / 24 (8.33%),"305 / 13,035",lymph nodes
HS6ST2,2 / 24 (8.33%),"182 / 13,035",lymph nodes
MAGEC3,2 / 24 (8.33%),"457 / 13,035",lymph nodes
EP400,2 / 24 (8.33%),"625 / 13,035",lymph nodes
MACF1,2 / 24 (8.33%),"1,228 / 13,035",lymph nodes
ARHGAP21,2 / 24 (8.33%),"429 / 13,035",lymph nodes
ERBB2IP,2 / 24 (8.33%),"261 / 13,035",lymph nodes
ALMS1,2 / 24 (8.33%),"741 / 13,035",lymph nodes
SMEK1,2 / 24 (8.33%),"208 / 13,035",lymph nodes
TSPAN31,1 / 24 (4.17%),"107 / 13,035",lymph nodes
BRS3,1 / 24 (4.17%),"132 / 13,035",lymph nodes
ALOX15B,1 / 24 (4.17%),"191 / 13,035",lymph nodes
TAGAP,1 / 24 (4.17%),"186 / 13,035",lymph nodes
DNAH12,1 / 24 (4.17%),"330 / 13,035",lymph nodes
OR11H4,1 / 24 (4.17%),"120 / 13,035",lymph nodes
PI4KA,1 / 24 (4.17%),"407 / 13,035",lymph nodes
EVPL,1 / 24 (4.17%),"464 / 13,035",lymph nodes
ANAPC5,1 / 24 (4.17%),"195 / 13,035",lymph nodes
RNF19A,1 / 24 (4.17%),"208 / 13,035",lymph nodes
C5orf30,1 / 24 (4.17%),"115 / 13,035",lymph nodes
SRRM2,1 / 24 (4.17%),"588 / 13,035",lymph nodes
CAMK2G,1 / 24 (4.17%),"160 / 13,035",lymph nodes
HIST2H2BF,1 / 24 (4.17%),"110 / 13,035",lymph nodes
PCDHB12,1 / 24 (4.17%),"479 / 13,035",lymph nodes
RGS8,1 / 24 (4.17%),"136 / 13,035",lymph nodes
PIK3CD,1 / 24 (4.17%),"274 / 13,035",lymph nodes
TMEM74,1 / 24 (4.17%),"163 / 13,035",lymph nodes
DCAF6,1 / 24 (4.17%),"232 / 13,035",lymph nodes
AADACL3,1 / 24 (4.17%),"201 / 13,035",lymph nodes
ENAH,1 / 24 (4.17%),"176 / 13,035",lymph nodes
NCF1C,1 / 24 (4.17%),"65 / 13,035",lymph nodes
ADRA2B,1 / 24 (4.17%),"156 / 13,035",lymph nodes
ADAMTS1,1 / 24 (4.17%),"260 / 13,035",lymph nodes
OR4D1,1 / 24 (4.17%),"139 / 13,035",lymph nodes
ACE2,1 / 24 (4.17%),"176 / 13,035",lymph nodes
SYT10,1 / 24 (4.17%),"324 / 13,035",lymph nodes
CSNK2A3,1 / 24 (4.17%),"126 / 13,035",lymph nodes
ANKRD9,1 / 24 (4.17%),"37 / 13,035",lymph nodes
PRDM8,1 / 24 (4.17%),"159 / 13,035",lymph nodes
C1orf43,1 / 24 (4.17%),"100 / 13,035",lymph nodes
LINGO4,1 / 24 (4.17%),"173 / 13,035",lymph nodes
VPS51,1 / 24 (4.17%),"162 / 13,035",lymph nodes
PDLIM4,1 / 24 (4.17%),"109 / 13,035",lymph nodes
ARAP2,1 / 24 (4.17%),"422 / 13,035",lymph nodes
BTBD6,1 / 24 (4.17%),"89 / 13,035",lymph nodes
RPL35A,1 / 24 (4.17%),"28 / 13,035",lymph nodes
USP24,1 / 24 (4.17%),"338 / 13,035",lymph nodes
ALK,1 / 24 (4.17%),"526 / 13,035",lymph nodes
EFNB1,1 / 24 (4.17%),"155 / 13,035",lymph nodes
RHOT1,1 / 24 (4.17%),"220 / 13,035",lymph nodes
NPHS1,1 / 24 (4.17%),"429 / 13,035",lymph nodes
POU4F1,1 / 24 (4.17%),"146 / 13,035",lymph nodes
CXCR2P1,1 / 24 (4.17%),"120 / 13,035",lymph nodes
ATP6V0A4,1 / 24 (4.17%),"262 / 13,035",lymph nodes
OR8H1,1 / 24 (4.17%),"226 / 13,035",lymph nodes
OR8G5,1 / 24 (4.17%),"163 / 13,035",lymph nodes
PRRT2,1 / 24 (4.17%),"147 / 13,035",lymph nodes
HIST2H2AC,1 / 24 (4.17%),"93 / 13,035",lymph nodes
OR51G2,1 / 24 (4.17%),"189 / 13,035",lymph nodes
KLHL4,1 / 24 (4.17%),"452 / 13,035",lymph nodes
PARG,1 / 24 (4.17%),"179 / 13,035",lymph nodes
COG1,1 / 24 (4.17%),"175 / 13,035",lymph nodes
PSMB2,1 / 24 (4.17%),"62 / 13,035",lymph nodes
MEF2B,1 / 24 (4.17%),"90 / 13,035",lymph nodes
FAF2,1 / 24 (4.17%),"175 / 13,035",lymph nodes
NR2E1,1 / 24 (4.17%),"171 / 13,035",lymph nodes
NACAD,1 / 24 (4.17%),"162 / 13,035",lymph nodes
VPS35,1 / 24 (4.17%),"169 / 13,035",lymph nodes
DCHS1,1 / 24 (4.17%),"640 / 13,035",lymph nodes
FRMD3,1 / 24 (4.17%),"208 / 13,035",lymph nodes
TGIF1,1 / 24 (4.17%),"163 / 13,035",lymph nodes
UPK3B,1 / 24 (4.17%),"69 / 13,035",lymph nodes
MED22,1 / 24 (4.17%),"81 / 13,035",lymph nodes
FAM21A,1 / 24 (4.17%),"294 / 13,035",lymph nodes
GALNT11,1 / 24 (4.17%),"163 / 13,035",lymph nodes
MYO1H,1 / 24 (4.17%),"263 / 13,035",lymph nodes
PCDHB13,1 / 24 (4.17%),"450 / 13,035",lymph nodes
ZNF648,1 / 24 (4.17%),"267 / 13,035",lymph nodes
FAM179A,1 / 24 (4.17%),"321 / 13,035",lymph nodes
IGKV1-5,1 / 24 (4.17%),"136 / 13,035",lymph nodes
CADPS,1 / 24 (4.17%),"489 / 13,035",lymph nodes
HLA-H,1 / 24 (4.17%),"49 / 13,035",lymph nodes
MPRIP,1 / 24 (4.17%),"279 / 13,035",lymph nodes
CCDC39,1 / 24 (4.17%),"388 / 13,035",lymph nodes
MAN1B1,1 / 24 (4.17%),"190 / 13,035",lymph nodes
CCDC129,1 / 24 (4.17%),"375 / 13,035",lymph nodes
PODN,1 / 24 (4.17%),"216 / 13,035",lymph nodes
COL17A1,1 / 24 (4.17%),"359 / 13,035",lymph nodes
IRS4,1 / 24 (4.17%),"437 / 13,035",lymph nodes
CCDC158,1 / 24 (4.17%),"310 / 13,035",lymph nodes
AP1G2,1 / 24 (4.17%),"277 / 13,035",lymph nodes
PGK2,1 / 24 (4.17%),"265 / 13,035",lymph nodes
OGG1,1 / 24 (4.17%),"166 / 13,035",lymph nodes
LIMS1,1 / 24 (4.17%),"96 / 13,035",lymph nodes
TMEM237,1 / 24 (4.17%),"104 / 13,035",lymph nodes
ZSWIM4,1 / 24 (4.17%),"251 / 13,035",lymph nodes
EDRF1,1 / 24 (4.17%),"278 / 13,035",lymph nodes
TIGD1,1 / 24 (4.17%),"47 / 13,035",lymph nodes
ZNF367,1 / 24 (4.17%),"95 / 13,035",lymph nodes
TACC2,1 / 24 (4.17%),"670 / 13,035",lymph nodes
WDR64,1 / 24 (4.17%),"299 / 13,035",lymph nodes
BRD4,1 / 24 (4.17%),"331 / 13,035",lymph nodes
CDH8,1 / 24 (4.17%),"606 / 13,035",lymph nodes
SORCS2,1 / 24 (4.17%),"279 / 13,035",lymph nodes
ZNF440,1 / 24 (4.17%),"290 / 13,035",lymph nodes
NASP,1 / 24 (4.17%),"160 / 13,035",lymph nodes
RP11-693N9.2,1 / 24 (4.17%),"63 / 13,035",lymph nodes
PLXND1,1 / 24 (4.17%),"431 / 13,035",lymph nodes
ABHD17B,1 / 24 (4.17%),"105 / 13,035",lymph nodes
AARS2,1 / 24 (4.17%),"228 / 13,035",lymph nodes
KRTAP4-4,1 / 24 (4.17%),"60 / 13,035",lymph nodes
PLCH1,1 / 24 (4.17%),"540 / 13,035",lymph nodes
CBFA2T3,1 / 24 (4.17%),"194 / 13,035",lymph nodes
ANXA11,1 / 24 (4.17%),"154 / 13,035",lymph nodes
CCNC,1 / 24 (4.17%),"124 / 13,035",lymph nodes
DNAJC7,1 / 24 (4.17%),"105 / 13,035",lymph nodes
SPAG16,1 / 24 (4.17%),"272 / 13,035",lymph nodes
DCSTAMP,1 / 24 (4.17%),"300 / 13,035",lymph nodes
SSTR4,1 / 24 (4.17%),"219 / 13,035",lymph nodes
SLIT2,1 / 24 (4.17%),"640 / 13,035",lymph nodes
ANKS3,1 / 24 (4.17%),"134 / 13,035",lymph nodes
CARKD,1 / 24 (4.17%),"117 / 13,035",lymph nodes
NTHL1,1 / 24 (4.17%),"69 / 13,035",lymph nodes
KIAA0922,1 / 24 (4.17%),"290 / 13,035",lymph nodes
NBPF12,1 / 24 (4.17%),"335 / 13,035",lymph nodes
CCDC60,1 / 24 (4.17%),"246 / 13,035",lymph nodes
SLC6A15,1 / 24 (4.17%),"318 / 13,035",lymph nodes
KCNT2,1 / 24 (4.17%),"555 / 13,035",lymph nodes
SOBP,1 / 24 (4.17%),"267 / 13,035",lymph nodes
OR2Y1,1 / 24 (4.17%),"137 / 13,035",lymph nodes
C6orf118,1 / 24 (4.17%),"322 / 13,035",lymph nodes
SPATA17,1 / 24 (4.17%),"159 / 13,035",lymph nodes
STK11,1 / 24 (4.17%),"240 / 13,035",lymph nodes
NHS,1 / 24 (4.17%),"437 / 13,035",lymph nodes
ARL6IP4,1 / 24 (4.17%),"60 / 13,035",lymph nodes
ATXN1L,1 / 24 (4.17%),"144 / 13,035",lymph nodes
CXCL2,1 / 24 (4.17%),"43 / 13,035",lymph nodes
DYSF,1 / 24 (4.17%),"718 / 13,035",lymph nodes
NAA11,1 / 24 (4.17%),"142 / 13,035",lymph nodes
OR5M10,1 / 24 (4.17%),"188 / 13,035",lymph nodes
PPIL4,1 / 24 (4.17%),"110 / 13,035",lymph nodes
OR5M8,1 / 24 (4.17%),"191 / 13,035",lymph nodes
BMP8A,1 / 24 (4.17%),"74 / 13,035",lymph nodes
MFAP3,1 / 24 (4.17%),"150 / 13,035",lymph nodes
DYNC1H1,1 / 24 (4.17%),"711 / 13,035",lymph nodes
PGPEP1L,1 / 24 (4.17%),"76 / 13,035",lymph nodes
March7,1 / 24 (4.17%),"186 / 13,035",lymph nodes
SLC1A6,1 / 24 (4.17%),"323 / 13,035",lymph nodes
INPP5D,1 / 24 (4.17%),"313 / 13,035",lymph nodes
NPC1,1 / 24 (4.17%),"304 / 13,035",lymph nodes
TRIM24,1 / 24 (4.17%),"247 / 13,035",lymph nodes
CDK12,1 / 24 (4.17%),"380 / 13,035",lymph nodes
PPP1R36,1 / 24 (4.17%),"154 / 13,035",lymph nodes
TNKS1BP1,1 / 24 (4.17%),"352 / 13,035",lymph nodes
SLC28A3,1 / 24 (4.17%),"180 / 13,035",lymph nodes
PLEKHA6,1 / 24 (4.17%),"350 / 13,035",lymph nodes
BMP7,1 / 24 (4.17%),"206 / 13,035",lymph nodes
NUP210,1 / 24 (4.17%),"421 / 13,035",lymph nodes
C16orf58,1 / 24 (4.17%),"129 / 13,035",lymph nodes
VAMP7,1 / 24 (4.17%),"116 / 13,035",lymph nodes
IMPG1,1 / 24 (4.17%),"363 / 13,035",lymph nodes
SSR3,1 / 24 (4.17%),"74 / 13,035",lymph nodes
GPAT2,1 / 24 (4.17%),"185 / 13,035",lymph nodes
C10orf107,1 / 24 (4.17%),"68 / 13,035",lymph nodes
ANKRD45,1 / 24 (4.17%),"145 / 13,035",lymph nodes
SH3RF1,1 / 24 (4.17%),"253 / 13,035",lymph nodes
SDK1,1 / 24 (4.17%),"807 / 13,035",lymph nodes
FRMD4B,1 / 24 (4.17%),"215 / 13,035",lymph nodes
BAIAP2L1,1 / 24 (4.17%),"177 / 13,035",lymph nodes
KCNE5,1 / 24 (4.17%),"54 / 13,035",lymph nodes
HAND2,1 / 24 (4.17%),"173 / 13,035",lymph nodes
HGS,1 / 24 (4.17%),"183 / 13,035",lymph nodes
RNF128,1 / 24 (4.17%),"224 / 13,035",lymph nodes
POLD1,1 / 24 (4.17%),"274 / 13,035",lymph nodes
COL22A1,1 / 24 (4.17%),"851 / 13,035",lymph nodes
PBRM1,1 / 24 (4.17%),"569 / 13,035",lymph nodes
RNPS1,1 / 24 (4.17%),"71 / 13,035",lymph nodes
BMS1,1 / 24 (4.17%),"278 / 13,035",lymph nodes
IGHV3-33,1 / 24 (4.17%),"90 / 13,035",lymph nodes
STAT2,1 / 24 (4.17%),"191 / 13,035",lymph nodes
ZNF720,1 / 24 (4.17%),"131 / 13,035",lymph nodes
ZNF671,1 / 24 (4.17%),"164 / 13,035",lymph nodes
HERC4,1 / 24 (4.17%),"206 / 13,035",lymph nodes
PEAR1,1 / 24 (4.17%),"268 / 13,035",lymph nodes
SPAG17,1 / 24 (4.17%),"598 / 13,035",lymph nodes
ZNF385D,1 / 24 (4.17%),"344 / 13,035",lymph nodes
ICE1,1 / 24 (4.17%),"502 / 13,035",lymph nodes
RP11-25K21.6,1 / 24 (4.17%),"177 / 13,035",lymph nodes
CLPS,1 / 24 (4.17%),"59 / 13,035",lymph nodes
CRIP1,1 / 24 (4.17%),"19 / 13,035",lymph nodes
SALL1,1 / 24 (4.17%),"640 / 13,035",lymph nodes
EXOSC5,1 / 24 (4.17%),"58 / 13,035",lymph nodes
YIPF3,1 / 24 (4.17%),"92 / 13,035",lymph nodes
PAQR6,1 / 24 (4.17%),"116 / 13,035",lymph nodes
TNK2,1 / 24 (4.17%),"301 / 13,035",lymph nodes
CLCA2,1 / 24 (4.17%),"215 / 13,035",lymph nodes
GABRQ,1 / 24 (4.17%),"285 / 13,035",lymph nodes
ITCH,1 / 24 (4.17%),"227 / 13,035",lymph nodes
RP11-552E4.3,1 / 24 (4.17%),"22 / 13,035",lymph nodes
CCNH,1 / 24 (4.17%),"112 / 13,035",lymph nodes
ELFN1,1 / 24 (4.17%),"210 / 13,035",lymph nodes
MC4R,1 / 24 (4.17%),"154 / 13,035",lymph nodes
RGPD3,1 / 24 (4.17%),"442 / 13,035",lymph nodes
NOTCH2,1 / 24 (4.17%),"472 / 13,035",lymph nodes
ADAMTS20,1 / 24 (4.17%),"661 / 13,035",lymph nodes
E2F1,1 / 24 (4.17%),"123 / 13,035",lymph nodes
POTEC,1 / 24 (4.17%),"350 / 13,035",lymph nodes
VPS13B,1 / 24 (4.17%),"826 / 13,035",lymph nodes
RSRC2,1 / 24 (4.17%),"154 / 13,035",lymph nodes
PPWD1,1 / 24 (4.17%),"115 / 13,035",lymph nodes
ZNF721,1 / 24 (4.17%),"249 / 13,035",lymph nodes
ABL1,1 / 24 (4.17%),"284 / 13,035",lymph nodes
FAM114A1,1 / 24 (4.17%),"123 / 13,035",lymph nodes
PKD1,1 / 24 (4.17%),"568 / 13,035",lymph nodes
HEATR5B,1 / 24 (4.17%),"392 / 13,035",lymph nodes
TUT1,1 / 24 (4.17%),"195 / 13,035",lymph nodes
NR3C2,1 / 24 (4.17%),"299 / 13,035",lymph nodes
PLEKHA7,1 / 24 (4.17%),"303 / 13,035",lymph nodes
PCED1A,1 / 24 (4.17%),"119 / 13,035",lymph nodes
IGHD3-3,1 / 24 (4.17%),"7 / 13,035",lymph nodes
LRWD1,1 / 24 (4.17%),"131 / 13,035",lymph nodes
PATZ1,1 / 24 (4.17%),"188 / 13,035",lymph nodes
GPM6A,1 / 24 (4.17%),"289 / 13,035",lymph nodes
UCN,1 / 24 (4.17%),"22 / 13,035",lymph nodes
ATF7,1 / 24 (4.17%),"119 / 13,035",lymph nodes
SLC47A1,1 / 24 (4.17%),"176 / 13,035",lymph nodes
INTS7,1 / 24 (4.17%),"192 / 13,035",lymph nodes
ITLN1,1 / 24 (4.17%),"140 / 13,035",lymph nodes
NEFH,1 / 24 (4.17%),"203 / 13,035",lymph nodes
ALOXE3,1 / 24 (4.17%),"186 / 13,035",lymph nodes
NRP2,1 / 24 (4.17%),"361 / 13,035",lymph nodes
CHKA,1 / 24 (4.17%),"99 / 13,035",lymph nodes
PCDHGA1,1 / 24 (4.17%),"404 / 13,035",lymph nodes
ATP5G1,1 / 24 (4.17%),"36 / 13,035",lymph nodes
CDC25B,1 / 24 (4.17%),"121 / 13,035",lymph nodes
OR5T1,1 / 24 (4.17%),"224 / 13,035",lymph nodes
FAM47E-STBD1,1 / 24 (4.17%),"59 / 13,035",lymph nodes
TSPAN32,1 / 24 (4.17%),"119 / 13,035",lymph nodes
MMP15,1 / 24 (4.17%),"161 / 13,035",lymph nodes
HPDL,1 / 24 (4.17%),"72 / 13,035",lymph nodes
IQGAP1,1 / 24 (4.17%),"306 / 13,035",lymph nodes
PATE4,1 / 24 (4.17%),"23 / 13,035",lymph nodes
C18orf54,1 / 24 (4.17%),"116 / 13,035",lymph nodes
TRIM25,1 / 24 (4.17%),"137 / 13,035",lymph nodes
GLUD2,1 / 24 (4.17%),"255 / 13,035",lymph nodes
RP11-333E13.4,1 / 24 (4.17%),"83 / 13,035",lymph nodes
FILIP1,1 / 24 (4.17%),"367 / 13,035",lymph nodes
UBB,1 / 24 (4.17%),"66 / 13,035",lymph nodes
TNNT1,1 / 24 (4.17%),"115 / 13,035",lymph nodes
GPR107,1 / 24 (4.17%),"139 / 13,035",lymph nodes
ZFC3H1,1 / 24 (4.17%),"398 / 13,035",lymph nodes
PIK3CG,1 / 24 (4.17%),"495 / 13,035",lymph nodes
OXCT1,1 / 24 (4.17%),"152 / 13,035",lymph nodes
EFR3B,1 / 24 (4.17%),"107 / 13,035",lymph nodes
PTPN9,1 / 24 (4.17%),"160 / 13,035",lymph nodes
STX16,1 / 24 (4.17%),"136 / 13,035",lymph nodes
HELZ,1 / 24 (4.17%),"399 / 13,035",lymph nodes
ACACB,1 / 24 (4.17%),"571 / 13,035",lymph nodes
ASXL1,1 / 24 (4.17%),"407 / 13,035",lymph nodes
AP2A2,1 / 24 (4.17%),"233 / 13,035",lymph nodes
RLF,1 / 24 (4.17%),"333 / 13,035",lymph nodes
RLN1,1 / 24 (4.17%),"75 / 13,035",lymph nodes
ADRM1,1 / 24 (4.17%),"103 / 13,035",lymph nodes
HIST1H1B,1 / 24 (4.17%),"189 / 13,035",lymph nodes
LAMB3,1 / 24 (4.17%),"330 / 13,035",lymph nodes
CCDC58,1 / 24 (4.17%),"54 / 13,035",lymph nodes
ZFP28,1 / 24 (4.17%),"223 / 13,035",lymph nodes
PHC1,1 / 24 (4.17%),"192 / 13,035",lymph nodes
IGLV1-40,1 / 24 (4.17%),"48 / 13,035",lymph nodes
TMPRSS12,1 / 24 (4.17%),"119 / 13,035",lymph nodes
BMP2,1 / 24 (4.17%),"154 / 13,035",lymph nodes
ZNF474,1 / 24 (4.17%),"131 / 13,035",lymph nodes
DDIT3,1 / 24 (4.17%),"55 / 13,035",lymph nodes
POFUT2,1 / 24 (4.17%),"187 / 13,035",lymph nodes
SAMD14,1 / 24 (4.17%),"124 / 13,035",lymph nodes
NBPF26,1 / 24 (4.17%),"123 / 13,035",lymph nodes
COL5A3,1 / 24 (4.17%),"516 / 13,035",lymph nodes
TAS1R2,1 / 24 (4.17%),"327 / 13,035",lymph nodes
RP11-113D6.10,1 / 24 (4.17%),"255 / 13,035",lymph nodes
SNRPN,1 / 24 (4.17%),"295 / 13,035",lymph nodes
CHST6,1 / 24 (4.17%),"171 / 13,035",lymph nodes
TNFRSF8,1 / 24 (4.17%),"206 / 13,035",lymph nodes
RNF123,1 / 24 (4.17%),"269 / 13,035",lymph nodes
SLCO1C1,1 / 24 (4.17%),"322 / 13,035",lymph nodes
CDH23,1 / 24 (4.17%),"769 / 13,035",lymph nodes
PRAC1,1 / 24 (4.17%),"32 / 13,035",lymph nodes
PON2,1 / 24 (4.17%),"98 / 13,035",lymph nodes
HMGCR,1 / 24 (4.17%),"177 / 13,035",lymph nodes
RAB22A,1 / 24 (4.17%),"116 / 13,035",lymph nodes
PRTG,1 / 24 (4.17%),"354 / 13,035",lymph nodes
GGT3P,1 / 24 (4.17%),"32 / 13,035",lymph nodes
PIGV,1 / 24 (4.17%),"119 / 13,035",lymph nodes
CACNA1F,1 / 24 (4.17%),"463 / 13,035",lymph nodes
SRCAP,1 / 24 (4.17%),"678 / 13,035",lymph nodes
SMPD2,1 / 24 (4.17%),"87 / 13,035",lymph nodes
ARFGEF1,1 / 24 (4.17%),"430 / 13,035",lymph nodes
POU6F2,1 / 24 (4.17%),"274 / 13,035",lymph nodes
ZDHHC6,1 / 24 (4.17%),"96 / 13,035",lymph nodes
C1QBP,1 / 24 (4.17%),"45 / 13,035",lymph nodes
PTPN2,1 / 24 (4.17%),"130 / 13,035",lymph nodes
ATRNL1,1 / 24 (4.17%),"491 / 13,035",lymph nodes
GGTLC2,1 / 24 (4.17%),"116 / 13,035",lymph nodes
LRRK1,1 / 24 (4.17%),"463 / 13,035",lymph nodes
OR52N5,1 / 24 (4.17%),"137 / 13,035",lymph nodes
NFKB2,1 / 24 (4.17%),"171 / 13,035",lymph nodes
ARHGAP30,1 / 24 (4.17%),"349 / 13,035",lymph nodes
GDF3,1 / 24 (4.17%),"172 / 13,035",lymph nodes
OR6S1,1 / 24 (4.17%),"138 / 13,035",lymph nodes
MERTK,1 / 24 (4.17%),"286 / 13,035",lymph nodes
SNORA71B,1 / 24 (4.17%),"13 / 13,035",lymph nodes
MFSD9,1 / 24 (4.17%),"151 / 13,035",lymph nodes
KAT5,1 / 24 (4.17%),"137 / 13,035",lymph nodes
SESN3,1 / 24 (4.17%),"165 / 13,035",lymph nodes
FBF1,1 / 24 (4.17%),"208 / 13,035",lymph nodes
VSIG8,1 / 24 (4.17%),"108 / 13,035",lymph nodes
PDP1,1 / 24 (4.17%),"209 / 13,035",lymph nodes
TJP2,1 / 24 (4.17%),"245 / 13,035",lymph nodes
USP39,1 / 24 (4.17%),"117 / 13,035",lymph nodes
ACADSB,1 / 24 (4.17%),"127 / 13,035",lymph nodes
WDR70,1 / 24 (4.17%),"257 / 13,035",lymph nodes
DSPP,1 / 24 (4.17%),"291 / 13,035",lymph nodes
JMJD8,1 / 24 (4.17%),"78 / 13,035",lymph nodes
IGHV1-67,1 / 24 (4.17%),"5 / 13,035",lymph nodes
RPL13,1 / 24 (4.17%),"55 / 13,035",lymph nodes
DPY19L2P2,1 / 24 (4.17%),"181 / 13,035",lymph nodes
PRRT4,1 / 24 (4.17%),"90 / 13,035",lymph nodes
TMEM2,1 / 24 (4.17%),"329 / 13,035",lymph nodes
OPTN,1 / 24 (4.17%),"140 / 13,035",lymph nodes
BHLHE41,1 / 24 (4.17%),"112 / 13,035",lymph nodes
SSC4D,1 / 24 (4.17%),"130 / 13,035",lymph nodes
PTCHD2,1 / 24 (4.17%),"494 / 13,035",lymph nodes
LMAN2,1 / 24 (4.17%),"102 / 13,035",lymph nodes
IGHD5-24,1 / 24 (4.17%),"5 / 13,035",lymph nodes
HMCN2,1 / 24 (4.17%),"225 / 13,035",lymph nodes
MYL6,1 / 24 (4.17%),"103 / 13,035",lymph nodes
LARP1B,1 / 24 (4.17%),"196 / 13,035",lymph nodes
PCDH20,1 / 24 (4.17%),"413 / 13,035",lymph nodes
C12orf66,1 / 24 (4.17%),"122 / 13,035",lymph nodes
RALGAPA1,1 / 24 (4.17%),"347 / 13,035",lymph nodes
LINC01205,1 / 24 (4.17%),"78 / 13,035",lymph nodes
FAM73B,1 / 24 (4.17%),"142 / 13,035",lymph nodes
HEPH,1 / 24 (4.17%),"457 / 13,035",lymph nodes
BTBD9,1 / 24 (4.17%),"169 / 13,035",lymph nodes
GOSR2,1 / 24 (4.17%),"85 / 13,035",lymph nodes
ABLIM1,1 / 24 (4.17%),"216 / 13,035",lymph nodes
RRN3P2,1 / 24 (4.17%),"151 / 13,035",lymph nodes
PSG11,1 / 24 (4.17%),"211 / 13,035",lymph nodes
NBPF19,1 / 24 (4.17%),"76 / 13,035",lymph nodes
PCDHA9,1 / 24 (4.17%),"670 / 13,035",lymph nodes
HR,1 / 24 (4.17%),"235 / 13,035",lymph nodes
HS6ST3,1 / 24 (4.17%),"158 / 13,035",lymph nodes
KCNU1,1 / 24 (4.17%),"460 / 13,035",lymph nodes
PRRT1,1 / 24 (4.17%),"133 / 13,035",lymph nodes
ITPR3,1 / 24 (4.17%),"548 / 13,035",lymph nodes
EIF4G3,1 / 24 (4.17%),"417 / 13,035",lymph nodes
ARPP21,1 / 24 (4.17%),"434 / 13,035",lymph nodes
PSMB4,1 / 24 (4.17%),"118 / 13,035",lymph nodes
KCNK13,1 / 24 (4.17%),"209 / 13,035",lymph nodes
CNBD1,1 / 24 (4.17%),"266 / 13,035",lymph nodes
PAN2,1 / 24 (4.17%),"257 / 13,035",lymph nodes
F7,1 / 24 (4.17%),"150 / 13,035",lymph nodes
PDHA1,1 / 24 (4.17%),"163 / 13,035",lymph nodes
CTPS2,1 / 24 (4.17%),"136 / 13,035",lymph nodes
KLHL21,1 / 24 (4.17%),"95 / 13,035",lymph nodes
SFXN1,1 / 24 (4.17%),"83 / 13,035",lymph nodes
FOXG1,1 / 24 (4.17%),"319 / 13,035",lymph nodes
GZF1,1 / 24 (4.17%),"186 / 13,035",lymph nodes
P4HA3,1 / 24 (4.17%),"136 / 13,035",lymph nodes
DUSP16,1 / 24 (4.17%),"169 / 13,035",lymph nodes
NAV2,1 / 24 (4.17%),"592 / 13,035",lymph nodes
F2,1 / 24 (4.17%),"200 / 13,035",lymph nodes
PLD2,1 / 24 (4.17%),"194 / 13,035",lymph nodes
ADAD2,1 / 24 (4.17%),"211 / 13,035",lymph nodes
NNT,1 / 24 (4.17%),"227 / 13,035",lymph nodes
SCYL3,1 / 24 (4.17%),"205 / 13,035",lymph nodes
SETD1A,1 / 24 (4.17%),"350 / 13,035",lymph nodes
MIS18BP1,1 / 24 (4.17%),"232 / 13,035",lymph nodes
DSCR3,1 / 24 (4.17%),"156 / 13,035",lymph nodes
TENM2,1 / 24 (4.17%),"738 / 13,035",lymph nodes
FBXO38,1 / 24 (4.17%),"245 / 13,035",lymph nodes
ZNF792,1 / 24 (4.17%),"167 / 13,035",lymph nodes
PLXNA1,1 / 24 (4.17%),"476 / 13,035",lymph nodes
ZNF454,1 / 24 (4.17%),"213 / 13,035",lymph nodes
OR4C13,1 / 24 (4.17%),"242 / 13,035",lymph nodes
PITRM1,1 / 24 (4.17%),"244 / 13,035",lymph nodes
CTBP1,1 / 24 (4.17%),"239 / 13,035",lymph nodes
PYGL,1 / 24 (4.17%),"182 / 13,035",lymph nodes
SMYD1,1 / 24 (4.17%),"231 / 13,035",lymph nodes
FFAR4,1 / 24 (4.17%),"102 / 13,035",lymph nodes
C7,1 / 24 (4.17%),"388 / 13,035",lymph nodes
CDC42BPG,1 / 24 (4.17%),"289 / 13,035",lymph nodes
RREB1,1 / 24 (4.17%),"383 / 13,035",lymph nodes
INO80,1 / 24 (4.17%),"284 / 13,035",lymph nodes
PCDHGA12,1 / 24 (4.17%),"350 / 13,035",lymph nodes
ABCA3,1 / 24 (4.17%),"439 / 13,035",lymph nodes
MIR6859-1,1 / 24 (4.17%),"72 / 13,035",lymph nodes
OPRK1,1 / 24 (4.17%),"250 / 13,035",lymph nodes
IGHA1,1 / 24 (4.17%),"204 / 13,035",lymph nodes
ORC5,1 / 24 (4.17%),"121 / 13,035",lymph nodes
FMN2,1 / 24 (4.17%),"865 / 13,035",lymph nodes
RBM4,1 / 24 (4.17%),"137 / 13,035",lymph nodes
PPP1CA,1 / 24 (4.17%),"91 / 13,035",lymph nodes
CXCR5,1 / 24 (4.17%),"90 / 13,035",lymph nodes
DNAJC11,1 / 24 (4.17%),"185 / 13,035",lymph nodes
LPCAT2,1 / 24 (4.17%),"151 / 13,035",lymph nodes
ADGRV1,1 / 24 (4.17%),"1,171 / 13,035",lymph nodes
COL27A1,1 / 24 (4.17%),"439 / 13,035",lymph nodes
GEMIN4,1 / 24 (4.17%),"173 / 13,035",lymph nodes
EYA4,1 / 24 (4.17%),"371 / 13,035",lymph nodes
SNORA22,1 / 24 (4.17%),"21 / 13,035",lymph nodes
FAM161B,1 / 24 (4.17%),"129 / 13,035",lymph nodes
SYNPO2,1 / 24 (4.17%),"390 / 13,035",lymph nodes
HBA2,1 / 24 (4.17%),"34 / 13,035",lymph nodes
ATPAF1,1 / 24 (4.17%),"96 / 13,035",lymph nodes
MKRN2,1 / 24 (4.17%),"94 / 13,035",lymph nodes
PRPF31,1 / 24 (4.17%),"138 / 13,035",lymph nodes
CH17-140K24.8,1 / 24 (4.17%),"439 / 13,035",lymph nodes
FAM104A,1 / 24 (4.17%),"66 / 13,035",lymph nodes
ANXA1,1 / 24 (4.17%),"118 / 13,035",lymph nodes
TECR,1 / 24 (4.17%),"112 / 13,035",lymph nodes
KCNT1,1 / 24 (4.17%),"402 / 13,035",lymph nodes
PDCD11,1 / 24 (4.17%),"362 / 13,035",lymph nodes
PRPF19,1 / 24 (4.17%),"121 / 13,035",lymph nodes
RHBDF2,1 / 24 (4.17%),"205 / 13,035",lymph nodes
IFI27L2,1 / 24 (4.17%),"44 / 13,035",lymph nodes
PIP4K2B,1 / 24 (4.17%),"137 / 13,035",lymph nodes
EIF5AL1,1 / 24 (4.17%),"236 / 13,035",lymph nodes
ALG10,1 / 24 (4.17%),"210 / 13,035",lymph nodes
CTD-3074O7.11,1 / 24 (4.17%),"156 / 13,035",lymph nodes
BCL2A1,1 / 24 (4.17%),"82 / 13,035",lymph nodes
JMJD7-PLA2G4B,1 / 24 (4.17%),"194 / 13,035",lymph nodes
AUP1,1 / 24 (4.17%),"128 / 13,035",lymph nodes
AHCYL2,1 / 24 (4.17%),"177 / 13,035",lymph nodes
PHIP,1 / 24 (4.17%),"347 / 13,035",lymph nodes
PTPN13,1 / 24 (4.17%),"451 / 13,035",lymph nodes
OSBPL1A,1 / 24 (4.17%),"231 / 13,035",lymph nodes