link,information,form
adrenal string map.png,adrenal string information.png,adrenal
bile duct string map.png,bile duct string information.png,bile duct
bladder string map.png,bladder string information.png,bladder
bone string map.png,bone string information.png,bone
brain string map.png,brain string information.png,brain
breast string map.png,breast string information.png,breast
cervix string map.png,cervix string information.png,cervix
colorectal string map.png,colorectal string information.png,colorectal
esophagus string map.png,esophagus string information.png,esophagus
eye string map.png,eye string information.png,eye
head and neck string map.png,head and neck string information.png,head and neck
kidney string map.png,kidney string information.png,kidney
liver string map.png,liver string information.png,liver
lungs string map.png,lungs string information.png,lungs
lymph nodes string map.png,lymph nodes string information.png,lymph nodes
nervous system string map.png,nervous system string information.png,nervous system
ovary string map.png,ovary string information.png,ovary
pancreas string map.png,pancreas string information.png,pancreas
pleura string map.png,pleura string information.png,pleura
prostate string map.png,prostate string information.png,prostate
skin string map.png,skin string information.png,skin
soft tissue string map.png,soft tissue string information.png,soft tissue
stomach string map.png,stomach string information.png,stomach
testis string map.png,testis string information.png,testis
throid string map.png,thyroid string information.png,thyroid
thymus string map.png,thymus string information.png,thymus
uterus string map.png,uterus string information.png,uterus
